{
  "options_popup": {
    "type": "tabbed",
    "tabs": [
      {
        "title": "Main Rules",
        "content": {
          "type": "itemgrid",
          "item_margin": "1,2",
          "rows": [
            [
              "setting_forest",
              "setting_age",
              "setting_shopsanity",
              "setting_shuffle_sword1",
              "setting_zelda"
            ],
            [
              "setting_kak",
              "setting_entrance_interiors",
              "setting_tokens_off",
              "setting_shuffle_ocarinas",
              "setting_masks"
            ],
            [
              "setting_door",
              "setting_entrance_grottos",
              "setting_scrub_shuffle",
              "setting_shuffle_egg",
              "setting_hints"
            ],
            [
              "setting_fountain",
              "setting_entrance_dungeons",
              "setting_cowsanity",
              "setting_shuffle_card",
              "setting_damage"
            ],
            [
              "setting_gerudo",
              "setting_entrance_overworld",
              "",
              "setting_shuffle_beans",
              "setting_plant"
            ],
            [
              "setting_bridge",
              "setting_entrance_owl",
              "",
              "setting_merchants",
              "setting_poes_amount"
            ],
            [
              "setting_bridge_amount",
              "setting_entrance_warpsong",
              "",
              "setting_lacs",
              ""
            ],
            [
              "setting_logic_chus",
              "setting_entrance_spawn",
              "",
              "setting_lacs_amount",
              ""
            ],
            [
              "setting_trials",
              "",
              "",
              "",
              "setting_racemode"
            ]
          ]
        }
      },
      {
        "title": "Detailed Logic",
        "content": {
          "type": "array",
          "orientation": "vertical",
          "content": [
            {
              "type": "itemgrid",
              "h_alignment": "left",
              "item_margin": "1,2",
              "rows": [
                [
                  "setting_skulltulas_sun"
                ]
              ]
            },
            {
              "type": "scroll",
              "horizontal_scrollbar_visibility": "auto",
              "vertical_scrollbar_visibility": "auto",
              "max_height": 500,
              "content": [
                {
                  "type": "layout",
                  "key": "tricks_list"
                }
              ]
            }
          ]
        }
      }
    ]
  }
}