[
  {
    "name": "Kokiri Sword",
    "type": "toggle",
    "img": "images/sword1.png",
    "codes": "sword1,kokirisword,ksword"
  },
  {
    "name": "Master Sword",
    "type": "toggle",
    "img": "images/sword2.png",
    "codes": "sword2,mastersword,ms"
  },
  {
    "name": "Biggoron Sword",
    "type": "toggle",
    "img": "images/sword3.png",
    "codes": "sword3,biggoronsword,bgs"
  },
  {
    "name": "Kokiri Shield",
    "type": "toggle",
    "img": "images/shield1.png",
    "codes": "shield1,dekushield,dshield"
  },
  {
    "name": "Hylian Shield",
    "type": "toggle",
    "img": "images/shield2.png",
    "codes": "shield2,hylianshield,hshield"
  },
  {
    "name": "Mirror Shield",
    "type": "toggle",
    "img": "images/shield3.png",
    "codes": "shield3,mirrorshield,mshield"
  },
  {
    "name": "Kokiri Tunic",
    "type": "static",
    "img": "images/greentunic.png",
    "codes": "greentunic"
  },
  {
    "name": "Goron Tunic",
    "type": "toggle",
    "img": "images/redtunic.png",
    "codes": "gorontunic,redtunic,gtunic,rtunic"
  },
  {
    "name": "Zora Tunic",
    "type": "toggle",
    "img": "images/bluetunic.png",
    "codes": "zoratunic,bluetunic,ztunic,btunic"
  },
  {
    "name": "Goron and Zora Tunics",
    "type": "composite_toggle",
    "codes": "tunics",
    "item_left": "redtunic",
    "item_right": "bluetunic",
    "images": [
      {
        "left": false,
        "right": false,
        "img": "images/tunics.png",
        "img_mods": "@disabled"
      },
      {
        "left": true,
        "right": false,
        "img": "images/redtunic.png"
      },
      {
        "left": false,
        "right": true,
        "img": "images/bluetunic.png"
      },
      {
        "left": true,
        "right": true,
        "img": "images/tunics.png"
      }
    ]
  },
  {
    "name": "Kokiri Boots",
    "type": "static",
    "img": "images/kokiriboots.png",
    "codes": "kokiriboots"
  },
  {
    "name": "Iron Boots",
    "type": "toggle",
    "img": "images/ironboots.png",
    "codes": "ironboots,ib,irons,iboots"
  },
  {
    "name": "Hover Boots",
    "type": "toggle",
    "img": "images/hoverboots.png",
    "codes": "hoverboots,hb,hovers,hboots"
  },
  {
    "name": "Iron and Hover Boots",
    "type": "composite_toggle",
    "codes": "boots",
    "item_left": "ironboots",
    "item_right": "hoverboots",
    "images": [
      {
        "left": false,
        "right": false,
        "img": "images/boots.png",
        "img_mods": "@disabled"
      },
      {
        "left": true,
        "right": false,
        "img": "images/ironboots.png"
      },
      {
        "left": false,
        "right": true,
        "img": "images/hoverboots.png"
      },
      {
        "left": true,
        "right": true,
        "img": "images/boots.png"
      }
    ]
  },
  {
    "name": "Zora Scales",
    "type": "progressive",
    "stages": [
      {
        "img": "images/scale1.png",
        "codes": "scale,silverscale,scale1,sscale"
      },
      {
        "img": "images/scale2.png",
        "codes": "goldscale,scale2,gscale"
      }
    ]
  },
  {
    "name": "Strength Upgrades",
    "type": "progressive",
    "stages": [
      {
        "img": "images/lift1.png",
        "codes": "bracelet,lift1,gb,goronsbracelet"
      },
      {
        "img": "images/lift2.png",
        "codes": "silvergauntlets,lift2,sg,silvers"
      },
      {
        "img": "images/lift3.png",
        "codes": "goldgauntlets,lift3,gg,golds"
      }
    ]
  }
]